date,plot,lat,lon,above_par,below_par,fapar
2015-08-08 09:43:27,1,51.153514862060547,-0.85128921270370483,1172.69482421875,33.700000762939453,0.97126275300979614
2015-08-08 09:44:17,2,51.153495788574219,-0.85137540102005005,1165.4747314453125,34.299999237060547,0.970569908618927
2015-08-08 09:45:19,3,51.153472900390625,-0.85146188735961914,1159.8590087890625,52.099998474121094,0.95508074760437012
2015-08-08 09:45:41,4,51.153453826904297,-0.85154807567596436,1159.8590087890625,37.900001525878906,0.96732360124588013
2015-08-08 09:46:11,5,51.153427124023438,-0.85163450241088867,1146.220947265625,51.400001525878906,0.95515698194503784
2015-08-08 09:47:22,6,51.153411865234375,-0.85172069072723389,1158.2545166015625,11.800000190734863,0.98981225490570068
2015-08-08 09:47:51,7,51.153385162353516,-0.85180717706680298,1163.0679931640625,6.6999998092651367,0.99423938989639282
2015-08-08 09:48:17,8,51.153366088867188,-0.85189342498779297,1167.0792236328125,8.3000001907348633,0.99288821220397949
2015-08-08 09:48:52,9,51.153343200683594,-0.85197979211807251,1179.11279296875,12.300000190734863,0.98956841230392456
2015-08-08 09:49:27,10,51.153324127197266,-0.85206598043441772,1180.71728515625,48.0,0.95934677124023438
2015-08-08 09:50:53,11,51.153297424316406,-0.85215252637863159,1188.7396240234375,34.799999237060547,0.97072529792785645
2015-08-08 09:51:30,12,51.153282165527344,-0.85223871469497681,1185.53076171875,34.400001525878906,0.97098344564437866
2015-08-08 09:51:52,13,51.153263092041016,-0.85232490301132202,1188.7396240234375,51.400001525878906,0.9567609429359436
2015-08-08 09:52:58,14,51.153236389160156,-0.85241138935089111,1202.3778076171875,30.600000381469727,0.97455042600631714
2015-08-08 09:53:35,15,51.153221130371094,-0.85249757766723633,1203.1800537109375,19.299999237060547,0.98395919799804688
2015-08-08 09:54:23,16,51.153194427490234,-0.85258400440216064,1199.9710693359375,13.399999618530273,0.98883306980133057
2015-08-08 09:54:55,17,51.153179168701172,-0.85267019271850586,1199.9710693359375,26.399999618530273,0.97799944877624512
2015-08-08 09:56:02,18,51.153152465820312,-0.85275667905807495,1205.586669921875,5.0,0.99585264921188354
2015-08-08 09:57:25,19,51.153133392333984,-0.85284292697906494,1209.597900390625,17.100000381469727,0.9858630895614624
2015-08-08 09:57:57,20,51.153106689453125,-0.85292929410934448,1214.411376953125,63.0,0.94812303781509399
2015-08-08 09:59:01,21,51.153091430664062,-0.8530154824256897,1215.213623046875,22.899999618530273,0.98115557432174683
2015-08-08 09:59:18,22,51.153064727783203,-0.85310202836990356,1222.4337158203125,32.5,0.97341370582580566
2015-08-08 10:00:17,23,51.153049468994141,-0.85318821668624878,1237.67626953125,47.799999237060547,0.96137923002243042
2015-08-08 10:01:34,24,51.152996063232422,-0.85326099395751953,1236.8740234375,46.400001525878906,0.96248608827590942
2015-08-08 10:02:03,25,51.152942657470703,-0.85333377122879028,1235.2696533203125,156.39999389648438,0.87338799238204956
2015-08-08 10:02:50,26,51.152889251708984,-0.85339230298995972,1239.28076171875,62.700000762939453,0.94940614700317383
2015-08-08 10:03:19,27,51.152835845947266,-0.85346508026123047,1232.0606689453125,9.8999996185302734,0.99196469783782959
2015-08-08 10:04:11,28,51.152782440185547,-0.85353797674179077,1243.2919921875,22.200000762939453,0.98214417695999146
2015-08-08 10:05:03,29,51.152729034423828,-0.8536108136177063,1253.7210693359375,170.39999389648438,0.86408460140228271
2015-08-08 10:05:39,30,51.152675628662109,-0.85368359088897705,1252.9188232421875,34.0,0.97286337614059448
2015-08-08 10:06:14,31,51.152622222900391,-0.85374212265014648,1257.7322998046875,9.5,0.99244672060012817
2015-08-08 10:06:49,32,51.152568817138672,-0.85381489992141724,1251.314453125,58.799999237060547,0.95300942659378052
2015-08-08 10:07:17,33,51.152515411376953,-0.85388767719268799,1251.314453125,22.399999618530273,0.98209881782531738
2015-08-08 10:08:05,34,51.152469635009766,-0.85396027565002441,1260.1390380859375,7.4000000953674316,0.99412763118743896
2015-08-08 10:08:37,35,51.152416229248047,-0.85403311252593994,1256.1278076171875,30.200000762939453,0.97595787048339844
2015-08-08 10:09:15,36,51.152362823486328,-0.8540915846824646,1254.5233154296875,37.599998474121094,0.97002846002578735
2015-08-08 10:10:05,37,51.152309417724609,-0.85416442155838013,1252.11669921875,39.200000762939453,0.96869301795959473
2015-08-08 10:10:34,38,51.152256011962891,-0.85423719882965088,1264.1502685546875,593.29998779296875,0.53067290782928467
2015-08-08 10:11:33,39,51.152202606201172,-0.85431009531021118,1260.1390380859375,8.8000001907348633,0.99301666021347046
2015-08-08 10:11:58,40,51.152153015136719,-0.85438287258148193,1264.9525146484375,11.100000381469727,0.99122494459152222
2015-08-08 10:12:44,41,51.152099609375,-0.85444140434265137,1282.601806640625,8.1000003814697266,0.99368470907211304
2015-08-08 10:13:05,42,51.152046203613281,-0.85451418161392212,1280.997314453125,11.199999809265137,0.99125683307647705
2015-08-08 10:15:21,43,51.151992797851562,-0.85458701848983765,1296.2398681640625,7.9000000953674316,0.99390542507171631
2015-08-08 10:16:57,44,51.152011871337891,-0.85467231273651123,1307.47119140625,12.0,0.9908219575881958
2015-08-08 10:17:49,45,51.152019500732422,-0.85475790500640869,1357.2100830078125,41.900001525878906,0.9691278338432312
2015-08-08 10:18:17,46,51.15203857421875,-0.85484319925308228,1352.3966064453125,16.799999237060547,0.98757761716842651
2015-08-08 10:19:07,47,51.152057647705078,-0.85492849349975586,1353.1988525390625,8.3999996185302734,0.99379247426986694
2015-08-08 10:20:13,48,51.152069091796875,-0.85501408576965332,1383.6839599609375,18.899999618530273,0.98634082078933716
2015-08-08 10:21:41,49,51.152088165283203,-0.8550993800163269,1380.47509765625,23.200000762939453,0.98319417238235474
2015-08-08 10:22:03,50,51.152103424072266,-0.85518467426300049,1369.24365234375,59.799999237060547,0.95632624626159668
2015-08-08 10:23:07,51,51.152114868164062,-0.85527020692825317,1318.7025146484375,38.299999237060547,0.97095632553100586
2015-08-08 10:23:50,52,51.152133941650391,-0.85535562038421631,1327.5272216796875,28.100000381469727,0.97883284091949463
2015-08-08 10:24:20,53,51.152145385742188,-0.85544109344482422,1329.9339599609375,27.5,0.97932225465774536
2015-08-08 10:25:43,54,51.15216064453125,-0.8555406928062439,1328.3294677734375,40.5,0.96951055526733398
2015-08-08 10:26:46,55,51.152179718017578,-0.85562610626220703,1345.176513671875,7.1999998092651367,0.9946475625038147
2015-08-08 10:27:56,56,51.152191162109375,-0.85571157932281494,1349.1876220703125,9.1999998092651367,0.99318110942840576
2015-08-08 10:28:28,57,51.152210235595703,-0.85579687356948853,1354.8033447265625,8.8999996185302734,0.99343079328536987
2015-08-08 10:28:59,58,51.152229309082031,-0.85588228702545166,1358.8145751953125,10.100000381469727,0.99256706237792969
2015-08-08 10:29:59,59,51.152236938476562,-0.85596781969070435,1358.8145751953125,48.400001525878906,0.96438074111938477
2015-08-08 10:30:44,60,51.152256011962891,-0.85605311393737793,1362.8258056640625,15.199999809265137,0.98884671926498413
2015-08-08 10:31:22,61,51.152275085449219,-0.85613840818405151,1359.6168212890625,72.800003051757812,0.94645547866821289
2015-08-08 10:31:43,62,51.152286529541016,-0.85622400045394897,1355.6055908203125,61.200000762939453,0.95485413074493408
2015-08-08 10:32:10,63,51.152305603027344,-0.85630929470062256,1354.0010986328125,7.1999998092651367,0.9946824312210083
2015-08-08 10:33:19,64,51.152385711669922,-0.85630732774734497,1365.232421875,43.299999237060547,0.96828377246856689
2015-08-08 10:33:42,65,51.1524658203125,-0.85630530118942261,1362.0235595703125,4.3000001907348633,0.99684292078018188
2015-08-08 10:34:07,66,51.152545928955078,-0.85630327463150024,1354.8033447265625,7.9000000953674316,0.99416887760162354
2015-08-08 10:34:43,67,51.152629852294922,-0.85630130767822266,1370.0458984375,3.7999999523162842,0.99722635746002197
2015-08-08 10:35:54,68,51.152629852294922,-0.85638707876205444,1370.0458984375,29.600000381469727,0.97839486598968506
2015-08-08 10:36:36,69,51.152629852294922,-0.85647290945053101,1382.8817138671875,21.700000762939453,0.98430812358856201
2015-08-08 10:37:25,70,51.152629852294922,-0.85657292604446411,1394.1131591796875,44.5,0.96808004379272461
2015-08-08 10:38:21,71,51.152633666992188,-0.8566586971282959,1380.47509765625,162.89999389648438,0.88199716806411743
2015-08-08 10:39:19,72,51.152633666992188,-0.85674452781677246,1352.3966064453125,43.400001525878906,0.96790879964828491
2015-08-08 10:40:05,73,51.152633666992188,-0.8568301796913147,1369.24365234375,70.300003051757812,0.9486578106880188
2015-08-08 10:40:44,74,51.152633666992188,-0.85691601037979126,1342.769775390625,29.700000762939453,0.97788155078887939
2015-08-08 10:41:13,75,51.152637481689453,-0.85701608657836914,1405.344482421875,30.200000762939453,0.97851061820983887
2015-08-08 10:41:36,76,51.152637481689453,-0.85710179805755615,1427.0050048828125,44.400001525878906,0.96888589859008789
2015-08-08 10:41:52,77,51.152637481689453,-0.85718762874603271,1430.2138671875,18.700000762939453,0.98692500591278076
2015-08-08 10:42:38,78,51.152637481689453,-0.8572733998298645,1439.03857421875,32.5,0.97741550207138062
2015-08-08 10:44:46,79,51.152637481689453,-0.85735911130905151,1397.322021484375,261.70001220703125,0.81271320581436157
2015-08-08 10:47:29,80,51.152641296386719,-0.8574448823928833,1462.303466796875,65.199996948242188,0.95541280508041382
2015-08-08 10:48:25,81,51.152641296386719,-0.85754501819610596,1483.1617431640625,31.200000762939453,0.97896385192871094
2015-08-08 10:48:55,82,51.152641296386719,-0.85763072967529297,1484.7662353515625,10.899999618530273,0.99265879392623901
2015-08-08 10:49:35,83,51.152641296386719,-0.85771650075912476,1516.0535888671875,10.100000381469727,0.99333798885345459
2015-08-08 10:50:06,84,51.152645111083984,-0.85780227184295654,1548.9454345703125,28.0,0.98192316293716431
2015-08-08 10:51:13,85,51.152645111083984,-0.85788798332214355,1536.911865234375,32.099998474121094,0.97911393642425537
2015-08-08 10:51:32,86,51.152645111083984,-0.85798811912536621,1534.505126953125,26.5,0.98273056745529175
2015-08-08 10:51:56,87,51.152645111083984,-0.858073890209198,1533.702880859375,17.0,0.98891574144363403
2015-08-08 10:52:15,88,51.152645111083984,-0.85815972089767456,1531.296142578125,17.5,0.98857176303863525
2015-08-08 10:53:55,89,51.15264892578125,-0.8582453727722168,1480.7550048828125,113.80000305175781,0.92314732074737549
2015-08-08 10:54:20,90,51.152656555175781,-0.85833102464675903,1406.948974609375,38.5,0.97263580560684204
2015-08-08 10:55:07,91,51.152656555175781,-0.85843098163604736,1500.81103515625,98.199996948242188,0.93456870317459106
2015-08-08 10:55:46,92,51.152660369873047,-0.85851681232452393,1479.1505126953125,395.60000610351562,0.73254919052124023
2015-08-08 10:56:18,93,51.152667999267578,-0.85860240459442139,1518.4603271484375,427.29998779296875,0.71859651803970337
2015-08-08 10:57:44,94,51.152667999267578,-0.8586881160736084,1272.974853515625,273.70001220703125,0.7849918007850647
2015-08-08 10:58:15,95,51.152671813964844,-0.85877388715744019,1525.680419921875,207.10000610351562,0.86425727605819702
2015-08-08 10:58:34,96,51.152679443359375,-0.85887372493743896,1203.9822998046875,299.29998779296875,0.75140827894210815
2015-08-08 10:59:10,97,51.152683258056641,-0.85895949602127075,1577.0238037109375,150.39999389648438,0.90463048219680786
2015-08-08 10:59:44,98,51.152683258056641,-0.85904532670974731,1604.300048828125,255.80000305175781,0.84055352210998535
2015-08-08 11:12:08,99,51.152690887451172,-0.85913079977035522,940.0452880859375,376.29998779296875,0.59970015287399292
2015-08-08 11:12:36,100,51.152694702148438,-0.85921657085418701,1195.9598388671875,27.600000381469727,0.97692227363586426
2015-08-08 11:13:05,101,51.152702331542969,-0.85931640863418579,1725.438232421875,51.099998474121094,0.97038435935974121
2015-08-08 11:13:49,102,51.152702331542969,-0.85940217971801758,1749.5054931640625,7.3000001907348633,0.99582737684249878
2015-08-08 11:14:15,103,51.152706146240234,-0.85948801040649414,1763.94580078125,11.5,0.99348050355911255
2015-08-08 11:15:44,104,51.152713775634766,-0.85957348346710205,1607.5089111328125,103.5,0.93561464548110962
2015-08-08 11:16:08,105,51.152713775634766,-0.85965931415557861,1719.020263671875,97.5,0.94328165054321289
2015-08-08 11:16:43,106,51.152717590332031,-0.85975939035415649,1709.3934326171875,161.0,0.905814528465271
2015-08-08 11:20:31,107,51.152725219726562,-0.85984492301940918,558.17901611328125,40.5,0.92744261026382446
2015-08-08 11:21:05,108,51.152725219726562,-0.85993069410324097,521.2760009765625,34.799999237060547,0.93324071168899536
2015-08-08 11:21:47,109,51.152645111083984,-0.85991841554641724,510.84689331054688,55.599998474121094,0.89116114377975464
2015-08-08 11:22:38,110,51.152565002441406,-0.85990607738494873,525.28717041015625,410.39999389648438,0.21871307492256165
2015-08-08 11:23:42,111,51.152484893798828,-0.85990810394287109,572.619384765625,99.199996948242188,0.82676100730895996
2015-08-08 11:24:19,112,51.15240478515625,-0.85989582538604736,604.708984375,20.100000381469727,0.96676087379455566
2015-08-08 11:24:41,113,51.152320861816406,-0.85988348722457886,697.768798828125,51.900001525878906,0.92562007904052734
2015-08-08 11:25:29,114,51.152240753173828,-0.85987120866775513,1770.3636474609375,89.199996948242188,0.94961488246917725
2015-08-08 11:26:16,115,51.15216064453125,-0.85987311601638794,1761.5390625,89.5,0.94919216632843018
2015-08-08 11:26:37,116,51.152080535888672,-0.85986077785491943,1743.0875244140625,295.79998779296875,0.83030110597610474
2015-08-08 11:27:34,117,51.152008056640625,-0.8598054051399231,1755.12109375,108.80000305175781,0.93800997734069824
2015-08-08 11:28:20,118,51.151935577392578,-0.85976427793502808,1743.0875244140625,78.599998474121094,0.95490759611129761
2015-08-08 11:28:35,119,51.151863098144531,-0.85970890522003174,1740.6807861328125,71.099998474121094,0.95915389060974121
2015-08-08 11:29:01,120,51.151790618896484,-0.85966777801513672,1749.5054931640625,23.299999237060547,0.98668193817138672
2015-08-08 11:30:01,121,51.151725769042969,-0.85961222648620605,1766.3525390625,55.299999237060547,0.96869254112243652
2015-08-08 11:30:53,122,51.151653289794922,-0.85957109928131104,1778.3861083984375,79.5,0.95529657602310181
2015-08-08 11:31:17,123,51.151580810546875,-0.8595157265663147,1749.5054931640625,50.700000762939453,0.9710204005241394
2015-08-08 11:31:44,124,51.151508331298828,-0.85947459936141968,1655.643310546875,262.79998779296875,0.84127014875411987
2015-08-08 11:32:20,125,51.151500701904297,-0.85956048965454102,1277.788330078125,10.899999618530273,0.9914696216583252
2015-08-08 11:32:54,126,51.151493072509766,-0.8596464991569519,836.55633544921875,33.799999237060547,0.95959627628326416
2015-08-08 11:33:19,127,51.151485443115234,-0.85973250865936279,569.410400390625,13.199999809265137,0.97681814432144165
2015-08-08 11:33:50,128,51.151477813720703,-0.85983282327651978,611.12689208984375,15.100000381469727,0.97529155015945435
2015-08-08 11:34:28,129,51.151466369628906,-0.85991877317428589,1723.031494140625,9.3000001907348633,0.99460256099700928
2015-08-08 11:35:45,130,51.151458740234375,-0.86000478267669678,1709.3934326171875,726.20001220703125,0.57517093420028687
2015-08-08 11:36:14,131,51.151443481445312,-0.86009097099304199,1702.9754638671875,13.899999618530273,0.99183779954910278
2015-08-08 11:36:39,132,51.151435852050781,-0.86017698049545288,1702.17333984375,22.299999237060547,0.98689907789230347
2015-08-08 11:36:55,133,51.151424407958984,-0.86026298999786377,1705.3822021484375,16.0,0.99061793088912964
2015-08-08 11:37:16,134,51.151416778564453,-0.86034899950027466,1710.1956787109375,21.200000762939453,0.98760378360748291
2015-08-08 11:38:11,135,51.151409149169922,-0.860434889793396,1712.6024169921875,104.90000152587891,0.93874818086624146
2015-08-08 11:38:48,136,51.151401519775391,-0.86053520441055298,1699.7666015625,202.69999694824219,0.88074833154678345
2015-08-08 11:39:10,137,51.151393890380859,-0.86062121391296387,1685.3262939453125,146.60000610351562,0.91301387548446655
2015-08-08 11:39:46,138,51.151386260986328,-0.86070722341537476,1684.5240478515625,159.0,0.90561133623123169
2015-08-08 11:40:23,139,51.151378631591797,-0.86079317331314087,1675.6993408203125,329.70001220703125,0.80324631929397583
2015-08-08 11:41:10,140,51.151371002197266,-0.86087918281555176,1659.654541015625,359.29998779296875,0.78350913524627686
2015-08-08 11:41:49,141,51.151359558105469,-0.86096519231796265,1484.7662353515625,550.5999755859375,0.62916719913482666
2015-08-08 11:42:17,142,51.151351928710938,-0.86105120182037354,1670.083740234375,109.59999847412109,0.93437457084655762
2015-08-08 11:42:46,143,51.151336669921875,-0.86113739013671875,1687.73291015625,50.900001525878906,0.96984118223190308
2015-08-08 11:43:57,144,51.151329040527344,-0.86123770475387573,1689.33740234375,48.700000762939453,0.97117215394973755
2015-08-08 11:44:47,145,51.151321411132812,-0.86132359504699707,1720.624755859375,62.200000762939453,0.96385031938552856
2015-08-08 11:45:12,146,51.151309967041016,-0.86140960454940796,749.9144287109375,54.400001525878906,0.92745840549468994
2015-08-08 11:45:31,147,51.151302337646484,-0.86149561405181885,1453.4788818359375,46.900001525878906,0.96773260831832886
2015-08-08 11:45:46,148,51.151294708251953,-0.86158162355422974,1589.0574951171875,30.299999237060547,0.98093211650848389
2015-08-08 11:46:40,149,51.151287078857422,-0.86166757345199585,461.10800170898438,20.100000381469727,0.95640933513641357
2015-08-08 11:47:10,150,51.151279449462891,-0.86175358295440674,1672.4903564453125,10.5,0.99372196197509766
2015-08-08 11:47:38,151,51.151271820068359,-0.86185389757156372,1782.3973388671875,5.3000001907348633,0.99702650308609009
2015-08-08 11:47:59,152,51.151264190673828,-0.86193990707397461,1768.7591552734375,17.299999237060547,0.9902191162109375
2015-08-08 11:48:24,153,51.151252746582031,-0.86202579736709595,1777.5838623046875,10.600000381469727,0.99403685331344604
2015-08-08 11:48:40,154,51.1512451171875,-0.86211180686950684,1780.7928466796875,9.1000003814697266,0.99488991498947144
2015-08-08 11:49:17,155,51.151237487792969,-0.86219781637191772,1797.639892578125,4.5999999046325684,0.99744111299514771
2015-08-08 11:49:43,156,51.151222229003906,-0.86228400468826294,1800.0465087890625,18.700000762939453,0.98961138725280762
2015-08-08 11:49:59,157,51.151214599609375,-0.86237001419067383,1801.6510009765625,14.300000190734863,0.99206280708312988
2015-08-08 11:50:32,158,51.151203155517578,-0.86245602369308472,1802.4532470703125,17.0,0.99056839942932129
2015-08-08 11:50:57,159,51.151195526123047,-0.86255627870559692,1769.5614013671875,7.9000000953674316,0.99553561210632324
2015-08-08 11:51:33,160,51.151187896728516,-0.86264228820800781,1743.8897705078125,11.199999809265137,0.99357759952545166
2015-08-08 11:51:59,161,51.151180267333984,-0.8627282977104187,1156.6500244140625,22.899999618530273,0.98020142316818237
2015-08-08 11:53:30,162,51.151172637939453,-0.86281418800354004,687.33966064453125,223.30000305175781,0.67512422800064087
2015-08-08 11:54:24,163,51.151172637939453,-0.8629000186920166,558.17901611328125,134.80000305175781,0.75850039720535278
2015-08-08 11:54:46,164,51.151172637939453,-0.86298578977584839,560.58575439453125,1336.9000244140625,0.0
2015-08-08 11:55:06,165,51.151176452636719,-0.86308580636978149,595.88433837890625,101.90000152587891,0.82899367809295654
2015-08-08 11:55:46,166,51.151176452636719,-0.86317157745361328,1252.11669921875,106.09999847412109,0.91526347398757935
2015-08-08 11:56:28,167,51.151176452636719,-0.86325740814208984,1925.998291015625,22.200000762939453,0.98847353458404541
2015-08-08 11:57:18,168,51.151187896728516,-0.86334288120269775,1393.3109130859375,13.5,0.99031084775924683
2015-08-08 11:57:56,169,51.151187896728516,-0.86344301700592041,1853.796630859375,60.700000762939453,0.96725636720657349
2015-08-08 11:58:41,170,51.151187896728516,-0.86352872848510742,521.2760009765625,124.80000305175781,0.76058745384216309
2015-08-08 11:59:12,171,51.151187896728516,-0.86361449956893921,506.033447265625,124.69999694824219,0.75357359647750854
2015-08-08 12:00:01,172,51.151191711425781,-0.863700270652771,1180.71728515625,70.900001525878906,0.93995177745819092
2015-08-08 12:01:26,173,51.151191711425781,-0.86378610134124756,568.608154296875,138.0,0.75730210542678833
2015-08-08 12:01:46,174,51.151191711425781,-0.86388611793518066,600.69775390625,707.29998779296875,0.0
2015-08-08 12:02:30,175,51.151191711425781,-0.86397188901901245,604.708984375,176.10000610351562,0.7087855339050293
2015-08-08 12:03:28,176,51.151191711425781,-0.86405760049819946,1410.960205078125,134.80000305175781,0.90446221828460693
2015-08-08 12:04:35,177,51.151195526123047,-0.86414337158203125,1891.501953125,989.9000244140625,0.47665926814079285
2015-08-08 12:05:31,178,51.151195526123047,-0.86422920227050781,1910.7557373046875,169.19999694824219,0.91144865751266479
2015-08-08 12:06:24,179,51.151195526123047,-0.86432921886444092,1896.3153076171875,79.400001525878906,0.95812934637069702
2015-08-08 12:06:51,180,51.151206970214844,-0.86441481113433838,1903.5355224609375,32.5,0.98292648792266846
2015-08-08 12:07:20,181,51.151206970214844,-0.86450058221817017,1911.557861328125,1115.800048828125,0.41628760099411011
2015-08-08 12:07:43,182,51.151206970214844,-0.86458629369735718,1893.90869140625,98.099998474121094,0.94820237159729004
2015-08-08 12:08:16,183,51.151206970214844,-0.86468642950057983,1892.30419921875,178.69999694824219,0.90556484460830688
2015-08-08 12:08:49,184,51.151210784912109,-0.86477208137512207,1870.6436767578125,1163.9000244140625,0.37780773639678955
2015-08-08 12:09:29,185,51.151210784912109,-0.86485791206359863,1922.789306640625,739.29998779296875,0.61550647020339966
2015-08-08 12:45:42,186,51.153205871582031,-0.86468029022216797,1831.3338623046875,24.399999618530273,0.98667639493942261
2015-08-08 12:48:36,187,51.153148651123047,-0.86461007595062256,1874.6549072265625,9.8999996185302734,0.99471902847290039
2015-08-08 12:49:03,188,51.153095245361328,-0.8645399808883667,1865.0279541015625,49.200000762939453,0.97361969947814941
2015-08-08 12:49:25,189,51.153041839599609,-0.86446982622146606,1852.994384765625,88.199996948242188,0.95240134000778198
2015-08-08 12:49:51,190,51.152984619140625,-0.86441397666931152,1852.192138671875,106.0,0.94277054071426392
2015-08-08 12:50:46,191,51.152931213378906,-0.86434382200241089,1859.412353515625,291.10000610351562,0.84344518184661865
2015-08-08 12:51:41,192,51.152877807617188,-0.86427372694015503,1874.6549072265625,1080.4000244140625,0.42368060350418091
2015-08-08 12:52:08,193,51.152824401855469,-0.86420351266860962,1872.2481689453125,349.20001220703125,0.81348627805709839
2015-08-08 12:52:26,194,51.152767181396484,-0.86413341760635376,1867.4346923828125,365.29998779296875,0.80438405275344849
2015-08-08 12:52:47,195,51.152713775634766,-0.86406320333480835,1868.2369384765625,263.39999389648438,0.85901147127151489
2015-08-08 12:53:04,196,51.152660369873047,-0.86399310827255249,1873.0504150390625,273.89999389648438,0.85376793146133423
2015-08-08 12:53:36,197,51.152595520019531,-0.8639373779296875,1869.8414306640625,195.10000610351562,0.89565962553024292
2015-08-08 12:54:14,198,51.152542114257812,-0.86386728286743164,1861.819091796875,226.19999694824219,0.87850594520568848
2015-08-08 12:54:42,199,51.152484893798828,-0.86379712820053101,1854.598876953125,69.699996948242188,0.96241772174835205
2015-08-08 12:55:11,200,51.152431488037109,-0.86372697353363037,1851.389892578125,17.600000381469727,0.99049365520477295
2015-08-08 12:55:58,201,51.152378082275391,-0.86365681886672974,1869.0391845703125,59.900001525878906,0.96795147657394409
2015-08-08 12:57:12,202,51.152320861816406,-0.86358672380447388,1884.28173828125,271.39999389648438,0.85596632957458496
2015-08-08 12:57:33,203,51.152267456054688,-0.86351650953292847,1898.7220458984375,99.599998474121094,0.9475436806678772
2015-08-08 12:58:17,204,51.152214050292969,-0.8634607195854187,1889.09521484375,102.09999847412109,0.94595295190811157
2015-08-08 12:59:41,205,51.152156829833984,-0.86339050531387329,1881.875,13.399999618530273,0.99287945032119751
2015-08-08 13:01:21,206,51.152103424072266,-0.86332041025161743,1806.4644775390625,99.0,0.94519680738449097
2015-08-08 13:02:01,207,51.152050018310547,-0.86325019598007202,1728.647216796875,257.29998779296875,0.85115528106689453
2015-08-08 13:03:29,208,51.152084350585938,-0.86316359043121338,1848.983154296875,40.700000762939453,0.97798788547515869
2015-08-08 13:04:13,209,51.152111053466797,-0.86309152841567993,1737.4718017578125,151.30000305175781,0.91291946172714233
2015-08-08 13:04:31,210,51.152145385742188,-0.86300480365753174,537.32080078125,132.60000610351562,0.75322002172470093
2015-08-08 13:04:59,211,51.152172088623047,-0.86291837692260742,906.3511962890625,429.89999389648438,0.5256805419921875
2015-08-08 13:07:27,212,51.152206420898438,-0.862831711769104,576.63055419921875,137.10000610351562,0.76223945617675781
2015-08-08 13:08:48,213,51.152240753173828,-0.86275941133499146,1119.7470703125,781.5999755859375,0.3019852340221405
2015-08-08 13:09:31,214,51.152267456054688,-0.86267292499542236,504.428955078125,150.69999694824219,0.70124632120132446
2015-08-08 13:10:19,215,51.152301788330078,-0.86258631944656372,480.36175537109375,104.0,0.78349649906158447
2015-08-08 13:10:47,216,51.152328491210938,-0.86249977350234985,547.74993896484375,72.699996948242188,0.8672751784324646
2015-08-08 13:11:04,217,51.152362823486328,-0.8624274730682373,616.7425537109375,52.299999237060547,0.9151996374130249
2015-08-08 13:11:46,218,51.152389526367188,-0.86234110593795776,590.26861572265625,103.59999847412109,0.82448667287826538
2015-08-08 13:12:04,219,51.152427673339844,-0.86225438117980957,1586.6507568359375,162.69999694824219,0.89745694398880005
2015-08-08 13:12:34,220,51.152462005615234,-0.86218202114105225,739.48529052734375,684.5999755859375,0.074220933020114899
2015-08-08 13:13:01,221,51.152488708496094,-0.86209559440612793,1114.13134765625,235.19999694824219,0.78889381885528564
2015-08-08 13:13:17,222,51.152523040771484,-0.86200898885726929,1795.233154296875,911.20001220703125,0.49243360757827759
2015-08-08 13:13:56,223,51.152549743652344,-0.8619225025177002,800.45550537109375,125.30000305175781,0.84346413612365723
2015-08-08 13:14:41,224,51.152584075927734,-0.86185020208358765,611.12689208984375,206.89999389648438,0.66144508123397827
2015-08-08 13:15:21,225,51.152618408203125,-0.86176347732543945,1424.5982666015625,206.30000305175781,0.85518723726272583
2015-08-08 13:15:42,226,51.152645111083984,-0.86167711019515991,1429.41162109375,138.39999389648438,0.90317696332931519
2015-08-08 13:16:17,227,51.152679443359375,-0.86160469055175781,1244.09423828125,112.0,0.90997469425201416
2015-08-08 13:16:35,228,51.152706146240234,-0.86151832342147827,1783.199462890625,1168.199951171875,0.34488540887832642
2015-08-08 13:17:00,229,51.152740478515625,-0.86143159866333008,1260.1390380859375,187.10000610351562,0.85152429342269897
2015-08-08 13:17:23,230,51.152767181396484,-0.86134517192840576,678.5150146484375,193.89999389648438,0.71422886848449707
2015-08-08 13:18:13,231,51.152801513671875,-0.86127281188964844,1981.352783203125,139.89999389648438,0.92939168214797974
2015-08-08 13:18:50,232,51.152839660644531,-0.86118620634078979,1932.4161376953125,53.5,0.97231447696685791
2015-08-08 13:19:41,233,51.152862548828125,-0.86109977960586548,1909.1512451171875,17.0,0.99109554290771484
2015-08-08 13:20:04,234,51.152900695800781,-0.86101311445236206,1877.8638916015625,49.900001525878906,0.97342723608016968
2015-08-08 13:20:24,235,51.152927398681641,-0.86094099283218384,1870.6436767578125,12.600000381469727,0.99326437711715698
2015-08-08 13:20:56,236,51.152961730957031,-0.86085432767868042,1857.005615234375,15.0,0.99192249774932861
2015-08-08 13:21:43,237,51.152996063232422,-0.86076772212982178,1819.30029296875,134.69999694824219,0.92596054077148438
2015-08-08 13:22:06,238,51.153030395507812,-0.86069530248641968,1830.53173828125,149.69999694824219,0.91822046041488647
2015-08-08 13:22:35,239,51.153064727783203,-0.86060857772827148,1890.69970703125,405.29998779296875,0.78563493490219116
2015-08-08 13:24:57,240,51.153102874755859,-0.86052197217941284,1984.561767578125,7.0,0.99647277593612671
2015-08-08 13:25:33,241,51.15313720703125,-0.86044961214065552,806.8734130859375,13.899999618530273,0.98277300596237183
2015-08-08 13:26:12,242,51.153171539306641,-0.86036300659179688,980.95953369140625,9.6999998092651367,0.99011170864105225
2015-08-08 13:26:44,243,51.153205871582031,-0.86027628183364868,1950.0654296875,18.600000381469727,0.99046188592910767
2015-08-08 13:27:14,244,51.153244018554688,-0.86020392179489136,1775.1771240234375,11.800000190734863,0.99335277080535889
2015-08-08 13:27:35,245,51.153278350830078,-0.86011731624603271,1812.0802001953125,18.600000381469727,0.98973554372787476
2015-08-08 13:27:53,246,51.153312683105469,-0.86004489660263062,682.5262451171875,397.39999389648438,0.41775134205818176
2015-08-08 13:28:29,247,51.153347015380859,-0.85995829105377197,973.7393798828125,60.5,0.93786835670471191
2015-08-08 13:28:51,248,51.15338134765625,-0.85987162590026855,1978.946044921875,923.4000244140625,0.53338795900344849
2015-08-08 13:29:48,249,51.153419494628906,-0.85979932546615601,1459.0946044921875,790.29998779296875,0.45836272835731506
2015-08-08 13:30:05,250,51.153453826904297,-0.85971260070800781,1894.7109375,174.80000305175781,0.90774315595626831
2015-08-08 13:30:47,251,51.153488159179688,-0.85962587594985962,1921.987060546875,225.30000305175781,0.88277757167816162
2015-08-08 13:31:14,252,51.153522491455078,-0.85955357551574707,1907.5467529296875,171.10000610351562,0.91030365228652954
2015-08-08 13:31:32,253,51.153556823730469,-0.85946691036224365,1930.0093994140625,177.19999694824219,0.90818697214126587
2015-08-08 13:32:07,254,51.153594970703125,-0.85938030481338501,1967.7147216796875,359.89999389648438,0.81709748506546021
2015-08-08 13:32:55,255,51.153629302978516,-0.85930788516998291,1970.1214599609375,223.30000305175781,0.88665676116943359
2015-08-08 13:33:48,256,51.153663635253906,-0.85922122001647949,1966.9124755859375,265.60000610351562,0.86496603488922119
2015-08-08 13:34:32,257,51.153697967529297,-0.85913461446762085,1976.539306640625,498.60000610351562,0.74774092435836792
2015-08-08 13:35:01,258,51.153736114501953,-0.85906219482421875,1993.3863525390625,1460.5,0.26732718944549561
2015-08-08 13:35:33,259,51.153778076171875,-0.85897529125213623,1748.7032470703125,256.0,0.85360580682754517
2015-08-08 13:36:00,260,51.153812408447266,-0.85890299081802368,685.7352294921875,759.0,0.0
2015-08-08 13:36:27,261,51.153850555419922,-0.85881632566452026,691.35089111328125,247.0,0.64272844791412354
2015-08-08 13:37:06,262,51.153884887695312,-0.85872972011566162,1865.8302001953125,138.39999389648438,0.92582392692565918
2015-08-08 13:37:24,263,51.153919219970703,-0.85865730047225952,1815.2890625,254.10000610351562,0.86002230644226074
2015-08-08 13:37:58,264,51.153953552246094,-0.85857057571411133,1820.1025390625,98.099998474121094,0.94610196352005005
2015-08-08 13:38:16,265,51.15399169921875,-0.85848402976989746,1722.229248046875,113.30000305175781,0.93421316146850586
2015-08-08 13:38:42,266,51.154026031494141,-0.85841161012649536,1891.501953125,94.699996948242188,0.94993394613265991
2015-08-08 13:40:35,267,51.154060363769531,-0.85832500457763672,806.8734130859375,59.299999237060547,0.92650645971298218
2015-08-08 13:41:20,268,51.154094696044922,-0.85823827981948853,1044.33642578125,6.0999999046325684,0.99415898323059082
2015-08-08 13:41:37,269,51.154129028320312,-0.8581659197807312,1333.945068359375,6.0,0.9955020546913147
2015-08-08 13:42:07,270,51.154167175292969,-0.85807931423187256,1675.6993408203125,4.0,0.99761295318603516
2015-08-08 13:42:39,271,51.154201507568359,-0.85799258947372437,713.8135986328125,3.7000000476837158,0.99481660127639771
2015-08-08 13:43:44,272,51.15423583984375,-0.85792022943496704,636.798583984375,5.5999999046325684,0.99120599031448364
2015-08-08 13:44:14,273,51.154270172119141,-0.8578336238861084,614.3358154296875,16.299999237060547,0.97346729040145874
2015-08-08 13:44:36,274,51.154308319091797,-0.8577612042427063,599.09326171875,18.899999618530273,0.9684523344039917
2015-08-08 13:45:01,275,51.154342651367188,-0.85767459869384766,585.4552001953125,7.5,0.98718947172164917
2015-08-08 13:45:33,276,51.154376983642578,-0.85758787393569946,587.0596923828125,13.0,0.97785574197769165
2015-08-08 13:46:48,277,51.154411315917969,-0.85751551389694214,529.29840087890625,5.8000001907348633,0.98904210329055786
2015-08-08 13:47:14,278,51.154445648193359,-0.8574289083480835,483.57070922851562,9.1000003814697266,0.98118168115615845
2015-08-08 13:47:43,279,51.154483795166016,-0.8573421835899353,462.71249389648438,10.0,0.97838830947875977
2015-08-08 13:48:13,280,51.154518127441406,-0.85726988315582275,449.87664794921875,6.1999998092651367,0.98621845245361328
2015-08-08 13:48:51,281,51.154552459716797,-0.85718321800231934,442.656494140625,3.0,0.99322271347045898
2015-08-08 13:49:40,282,51.154552459716797,-0.85709738731384277,445.86544799804688,4.0,0.99102866649627686
2015-08-08 13:50:06,283,51.154552459716797,-0.85701161623001099,455.4923095703125,18.299999237060547,0.95982366800308228
2015-08-08 13:50:58,284,51.154560089111328,-0.85691142082214355,518.8692626953125,12.399999618530273,0.97610187530517578
2015-08-08 13:51:27,285,51.154556274414062,-0.85682559013366699,1179.11279296875,4.1999998092651367,0.99643802642822266
2015-08-08 13:51:54,286,51.154556274414062,-0.85673981904983521,1313.88916015625,57.099998474121094,0.95654124021530151
2015-08-08 13:53:06,287,51.154556274414062,-0.85665398836135864,561.38800048828125,24.700000762939453,0.95600193738937378
2015-08-08 13:53:48,288,51.154563903808594,-0.85656797885894775,984.970703125,3.4000000953674316,0.9965481162071228
2015-08-08 13:54:16,289,51.154563903808594,-0.85648232698440552,1715.0091552734375,8.0,0.99533528089523315
2015-08-08 13:54:51,290,51.154563903808594,-0.85638219118118286,533.3095703125,6.5999999046325684,0.98762446641921997
2015-08-08 13:55:16,291,51.154560089111328,-0.85629642009735107,525.28717041015625,34.099998474121094,0.93508315086364746
2015-08-08 13:56:06,292,51.154571533203125,-0.85621041059494019,572.619384765625,62.900001525878906,0.89015388488769531
2015-08-08 13:56:49,293,51.154567718505859,-0.85612469911575317,1065.1947021484375,170.60000610351562,0.83984148502349854
2015-08-08 13:57:08,294,51.154567718505859,-0.85603892803192139,1224.0382080078125,41.900001525878906,0.96576905250549316
2015-08-08 13:57:29,295,51.154567718505859,-0.85595309734344482,1731.053955078125,565.0,0.67360925674438477
2015-08-08 13:57:56,296,51.154567718505859,-0.85585302114486694,1903.5355224609375,67.900001525878906,0.96432954072952271
2015-08-08 14:00:07,297,51.154575347900391,-0.85576701164245605,676.91058349609375,143.69999694824219,0.7877119779586792
2015-08-08 14:00:33,298,51.154575347900391,-0.85568130016326904,715.4180908203125,63.099998474121094,0.9117998480796814
2015-08-08 14:00:54,299,51.154571533203125,-0.85559552907943726,729.05615234375,100.09999847412109,0.86269921064376831
2015-08-08 14:01:28,300,51.154571533203125,-0.85550969839096069,984.970703125,79.599998474121094,0.91918540000915527
2015-08-08 14:05:00,301,51.154579162597656,-0.8554236888885498,587.8619384765625,14.899999618530273,0.97465389966964722
2015-08-08 14:06:07,302,51.154579162597656,-0.8553236722946167,567.805908203125,36.700000762939453,0.93536525964736938
2015-08-08 14:06:37,303,51.154579162597656,-0.85523790121078491,557.37677001953125,22.200000762939453,0.96017056703567505
2015-08-08 14:06:53,304,51.154579162597656,-0.85515207052230835,552.5633544921875,31.799999237060547,0.94245004653930664
2015-08-08 14:07:17,305,51.154586791992188,-0.85506612062454224,546.94769287109375,48.0,0.91224020719528198
2015-08-08 14:07:34,306,51.154586791992188,-0.85498040914535522,538.123046875,38.599998474121094,0.92826920747756958
2015-08-08 14:08:05,307,51.154582977294922,-0.85489457845687866,525.28717041015625,40.900001525878906,0.92213785648345947
2015-08-08 14:08:38,308,51.154582977294922,-0.85479450225830078,507.63790893554688,44.5,0.91233909130096436
2015-08-08 14:09:16,309,51.154590606689453,-0.85470849275588989,489.9886474609375,5.0,0.98979568481445312
2015-08-08 14:09:46,310,51.154590606689453,-0.85462272167205811,479.55950927734375,32.5,0.93222945928573608
2015-08-08 14:10:15,311,51.154590606689453,-0.85453701019287109,469.93264770507812,35.200000762939453,0.92509567737579346
2015-08-08 14:11:02,312,51.154617309570312,-0.854450523853302,465.92144775390625,18.5,0.96029371023178101
2015-08-08 14:11:43,313,51.154640197753906,-0.85437840223312378,463.51470947265625,15.399999618530273,0.96677559614181519
2015-08-08 14:12:17,314,51.154666900634766,-0.85429191589355469,468.32815551757812,23.600000381469727,0.9496079683303833
2015-08-08 14:13:01,315,51.154693603515625,-0.85421979427337646,476.35055541992188,5.4000000953674316,0.98866379261016846
2015-08-08 14:13:35,316,51.154720306396484,-0.85413342714309692,477.15280151367188,19.200000762939453,0.95976132154464722
2015-08-08 14:14:23,317,51.154747009277344,-0.85404688119888306,468.32815551757812,82.400001525878906,0.824055016040802
2015-08-08 14:14:52,318,51.154773712158203,-0.85397481918334961,461.10800170898438,28.299999237060547,0.93862611055374146
2015-08-08 14:15:26,319,51.154800415039062,-0.85388827323913574,444.26095581054688,28.399999618530273,0.93607360124588013
2015-08-08 14:16:13,320,51.154827117919922,-0.8538019061088562,410.56689453125,5.0999999046325684,0.98757815361022949
2015-08-08 14:16:39,321,51.154850006103516,-0.8537297248840332,395.92599487304688,19.5,0.95074838399887085
2015-08-08 14:17:00,322,51.154876708984375,-0.85364329814910889,384.29351806640625,18.700000762939453,0.95133930444717407
2015-08-08 14:17:14,323,51.154903411865234,-0.85357117652893066,377.37420654296875,6.5999999046325684,0.98251074552536011
2015-08-08 14:18:07,324,51.154930114746094,-0.85348469018936157,357.81961059570312,9.6999998092651367,0.97289139032363892
2015-08-07 10:12:59,325,51.156612396240234,-0.85621720552444458,761.947998046875,82.099998474121094,0.89224988222122192
2015-08-07 10:13:33,326,51.156566619873047,-0.85628980398178101,779.5972900390625,62.099998474121094,0.92034351825714111
2015-08-07 10:13:58,327,51.156524658203125,-0.85637658834457397,790.02642822265625,74.800003051757812,0.90531963109970093
2015-08-07 10:14:23,328,51.156478881835938,-0.8564491868019104,798.85101318359375,89.599998474121094,0.88783890008926392
2015-08-07 10:15:07,329,51.15643310546875,-0.85653609037399292,816.50030517578125,151.30000305175781,0.81469696760177612
2015-08-07 10:15:41,330,51.156391143798828,-0.85660868883132935,830.138427734375,111.40000152587891,0.86580550670623779
2015-08-07 10:16:07,331,51.156345367431641,-0.85669559240341187,840.5675048828125,50.700000762939453,0.93968361616134644
2015-08-07 10:16:30,332,51.156303405761719,-0.85676819086074829,853.40338134765625,72.800003051757812,0.91469448804855347
2015-08-07 10:16:54,333,51.156257629394531,-0.85684078931808472,861.42578125,54.299999237060547,0.93696498870849609
2015-08-07 10:17:14,334,51.156211853027344,-0.85692769289016724,865.43695068359375,29.0,0.96649092435836792
2015-08-07 10:18:02,335,51.156169891357422,-0.85700029134750366,882.28399658203125,111.69999694824219,0.87339675426483154
2015-08-07 10:18:23,336,51.156124114990234,-0.85708707571029663,882.28399658203125,100.19999694824219,0.88643109798431396
2015-08-07 10:18:57,337,51.156082153320312,-0.85715967416763306,887.097412109375,42.700000762939453,0.95186549425125122
2015-08-07 10:19:25,338,51.156036376953125,-0.85724657773971558,887.899658203125,21.100000381469727,0.97623604536056519
2015-08-07 10:19:56,339,51.155994415283203,-0.857319176197052,886.29522705078125,7.5,0.99153780937194824
2015-08-07 10:20:42,340,51.155967712402344,-0.85740572214126587,875.8660888671875,43.0,0.95090574026107788
2015-08-07 10:21:31,341,51.155941009521484,-0.85749208927154541,881.48175048828125,78.199996948242188,0.91128575801849365
2015-08-07 10:22:19,342,51.155914306640625,-0.85757851600646973,903.9444580078125,68.699996948242188,0.92399972677230835
2015-08-07 10:23:16,343,51.155895233154297,-0.8576505184173584,927.20941162109375,86.0,0.90724855661392212
2015-08-07 10:23:46,344,51.155872344970703,-0.85773688554763794,919.18701171875,5.0,0.99456042051315308
2015-08-07 10:24:18,345,51.155845642089844,-0.85782331228256226,909.5601806640625,9.8999996185302734,0.98911559581756592
2015-08-07 10:24:48,346,51.155818939208984,-0.85790979862213135,905.5489501953125,35.900001525878906,0.96035552024841309
2015-08-07 10:25:19,347,51.155792236328125,-0.85799622535705566,901.53778076171875,66.400001525878906,0.92634809017181396
2015-08-07 10:25:40,348,51.155765533447266,-0.85808271169662476,878.2728271484375,7.4000000953674316,0.99157434701919556
2015-08-07 10:26:21,349,51.155750274658203,-0.85816890001296997,859.01904296875,4.8000001907348633,0.99441224336624146
2015-08-07 10:27:02,350,51.155723571777344,-0.85825532674789429,846.1832275390625,4.9000000953674316,0.99420928955078125
2015-08-07 10:27:43,351,51.155696868896484,-0.85832750797271729,849.39215087890625,5.3000001907348633,0.99376022815704346
2015-08-07 10:28:16,352,51.155670166015625,-0.85841387510299683,852.60113525390625,65.900001525878906,0.92270714044570923
2015-08-07 10:29:03,353,51.155643463134766,-0.85850030183792114,875.8660888671875,35.5,0.95946866273880005
2015-08-07 10:30:04,354,51.155616760253906,-0.85858678817749023,895.92205810546875,173.19999694824219,0.80667960643768311
2015-08-07 10:30:47,355,51.155601501464844,-0.85867297649383545,903.9444580078125,41.599998474121094,0.9539794921875
2015-08-07 10:31:14,356,51.155574798583984,-0.85875940322875977,903.1422119140625,12.199999809265137,0.9864916205406189
2015-08-07 10:31:54,357,51.155548095703125,-0.85884588956832886,897.52655029296875,114.19999694824219,0.87276142835617065
2015-08-07 10:32:36,358,51.155521392822266,-0.85893231630325317,900.73553466796875,13.800000190734863,0.98467916250228882
2015-08-07 10:33:06,359,51.155498504638672,-0.85900449752807617,915.97808837890625,13.199999809265137,0.98558914661407471
2015-08-07 10:34:02,360,51.155471801757812,-0.85909092426300049,938.4407958984375,6.3000001907348633,0.99328672885894775
2015-08-07 10:34:28,361,51.155452728271484,-0.8591771125793457,931.22064208984375,4.8000001907348633,0.99484544992446899
2015-08-07 10:35:07,362,51.155426025390625,-0.85926359891891479,933.62738037109375,12.300000190734863,0.98682558536529541
2015-08-07 10:35:40,363,51.155399322509766,-0.85935002565383911,952.078857421875,16.700000762939453,0.9824594259262085
2015-08-07 10:36:21,364,51.155357360839844,-0.85942262411117554,968.1236572265625,28.899999618530273,0.97014844417572021
2015-08-07 10:37:33,365,51.155311584472656,-0.85949522256851196,968.1236572265625,15.300000190734863,0.9841962456703186
2015-08-07 10:38:16,366,51.155269622802734,-0.85958212614059448,977.75054931640625,35.0,0.96420353651046753
2015-08-07 10:38:43,367,51.155223846435547,-0.85965472459793091,1050.75439453125,16.5,0.98429697751998901
2015-08-07 10:39:47,368,51.155178070068359,-0.85972720384597778,1000.2132568359375,40.400001525878906,0.95960861444473267
2015-08-07 10:40:35,369,51.155143737792969,-0.85979962348937988,978.55279541015625,205.39999389648438,0.79009819030761719
2015-08-07 10:41:21,370,51.155101776123047,-0.8598865270614624,952.078857421875,107.90000152587891,0.88666903972625732
2015-08-07 10:42:12,371,51.155055999755859,-0.85995912551879883,954.485595703125,31.200000762939453,0.96731221675872803
2015-08-07 10:42:49,372,51.155010223388672,-0.86003172397613525,899.93328857421875,17.799999237060547,0.9802207350730896
2015-08-07 10:43:44,373,51.15496826171875,-0.86010420322418213,839.7652587890625,22.600000381469727,0.97308772802352905
2015-08-07 10:44:16,374,51.154922485351562,-0.86019110679626465,819.70928955078125,18.200000762939453,0.97779703140258789
2015-08-07 11:09:47,375,51.154880523681641,-0.86026370525360107,1358.8145751953125,41.599998474121094,0.96938508749008179
2015-08-07 11:10:22,376,51.154834747314453,-0.8603363037109375,1431.01611328125,6.8000001907348633,0.99524813890457153
2015-08-07 11:11:02,377,51.154792785644531,-0.86040890216827393,1132.5828857421875,26.700000762939453,0.97642558813095093
2015-08-07 11:11:35,378,51.154747009277344,-0.86049580574035645,1087.657470703125,8.6000003814697266,0.99209308624267578
2015-08-07 11:12:21,379,51.154712677001953,-0.86056810617446899,1072.4149169921875,13.600000381469727,0.98731833696365356
2015-08-07 11:13:07,380,51.154666900634766,-0.86064070463180542,1004.2244873046875,14.800000190734863,0.98526227474212646
2015-08-07 11:14:32,381,51.154621124267578,-0.86071330308914185,1204.784423828125,29.100000381469727,0.97584629058837891
2015-08-07 11:15:21,382,51.154579162597656,-0.86080020666122437,1129.3739013671875,8.8000001907348633,0.99220806360244751
2015-08-07 11:15:43,383,51.154533386230469,-0.86087280511856079,1273.777099609375,7.5999999046325684,0.99403351545333862
2015-08-07 11:16:32,384,51.154491424560547,-0.86094528436660767,1718.2181396484375,18.299999237060547,0.98934942483901978
2015-08-07 11:19:32,385,51.154518127441406,-0.86103039979934692,1500.81103515625,81.400001525878906,0.94576263427734375
2015-08-07 11:20:03,386,51.154544830322266,-0.86111557483673096,1033.9073486328125,8.5,0.99177873134613037
2015-08-07 11:20:29,387,51.154575347900391,-0.86120069026947021,1054.765625,23.5,0.97772014141082764
2015-08-07 11:21:02,388,51.154609680175781,-0.86128562688827515,1930.0093994140625,8.3999996185302734,0.99564766883850098
2015-08-07 11:21:48,389,51.154640197753906,-0.86137068271636963,1928.4049072265625,13.399999618530273,0.99305123090744019
2015-08-07 11:22:24,390,51.154666900634766,-0.86145579814910889,700.175537109375,20.200000762939453,0.97115010023117065
2015-08-07 11:22:55,391,51.154693603515625,-0.86154091358184814,692.95538330078125,13.199999809265137,0.98095113039016724
2015-08-07 11:23:56,392,51.154720306396484,-0.8616260290145874,685.7352294921875,26.600000381469727,0.96120953559875488
2015-08-07 11:24:32,393,51.154750823974609,-0.86171108484268188,696.164306640625,44.5,0.93607831001281738
2015-08-07 11:25:02,394,51.154777526855469,-0.86178189516067505,721.03375244140625,34.0,0.95284545421600342
2015-08-07 11:25:40,395,51.154815673828125,-0.86186677217483521,1073.2171630859375,9.6999998092651367,0.99096173048019409
2015-08-07 11:26:02,396,51.154842376708984,-0.86195188760757446,971.3326416015625,35.799999237060547,0.96314340829849243
2015-08-07 11:27:10,397,51.154869079589844,-0.86203700304031372,2177.099365234375,14.0,0.99356943368911743
2015-08-07 11:27:37,398,51.154895782470703,-0.86212211847305298,1106.9112548828125,23.200000762939453,0.97904080152511597
2015-08-07 11:28:09,399,51.154926300048828,-0.86220717430114746,822.11602783203125,34.700000762939453,0.95779186487197876
2015-08-07 11:28:37,400,51.154953002929688,-0.86229240894317627,761.947998046875,14.199999809265137,0.98136353492736816
2015-08-07 11:29:11,401,51.154991149902344,-0.86237722635269165,777.9927978515625,19.600000381469727,0.97480696439743042
2015-08-07 11:29:47,402,51.155017852783203,-0.86246240139007568,800.45550537109375,28.0,0.96501994132995605
2015-08-07 11:30:14,403,51.155044555664062,-0.86254751682281494,875.0638427734375,77.699996948242188,0.91120648384094238
2015-08-07 11:30:45,404,51.155075073242188,-0.86263257265090942,1399.728759765625,20.899999618530273,0.98506855964660645
2015-08-07 11:31:30,405,51.154991149902344,-0.86264890432357788,2161.054443359375,79.599998474121094,0.96316611766815186
2015-08-07 11:32:06,406,51.154903411865234,-0.86265110969543457,2092.8642578125,8.3999996185302734,0.99598634243011475
2015-08-07 11:32:31,407,51.154823303222656,-0.86266738176345825,1122.9560546875,22.700000762939453,0.9797855019569397
2015-08-07 11:33:08,408,51.154731750488281,-0.86266958713531494,890.306396484375,35.799999237060547,0.95978909730911255
2015-08-07 11:34:01,409,51.154651641845703,-0.8626859188079834,2010.2333984375,11.699999809265137,0.99417978525161743
2015-08-07 11:34:31,410,51.154571533203125,-0.86270207166671753,2052.752197265625,14.399999618530273,0.99298501014709473
2015-08-07 11:35:22,411,51.15447998046875,-0.86270427703857422,2154.63671875,17.5,0.9918779730796814
2015-08-07 11:36:05,412,51.154399871826172,-0.86272060871124268,2104.095458984375,7.1999998092651367,0.99657809734344482
2015-08-07 11:36:48,413,51.154319763183594,-0.86273688077926636,2120.140380859375,10.699999809265137,0.99495315551757812
2015-08-07 11:38:01,414,51.154228210449219,-0.86273908615112305,2122.547119140625,8.1999998092651367,0.99613672494888306
2015-08-07 11:38:41,415,51.154148101806641,-0.8627554178237915,2190.737548828125,11.300000190734863,0.99484193325042725
2015-08-07 11:39:19,416,51.154056549072266,-0.86275762319564819,2203.5732421875,37.400001525878906,0.98302757740020752
2015-08-07 11:40:01,417,51.153976440429688,-0.86277389526367188,1852.192138671875,64.300003051757812,0.96528440713882446
2015-08-07 11:40:31,418,51.153896331787109,-0.86279022693634033,1881.07275390625,80.699996948242188,0.95709896087646484
2015-08-07 11:41:20,419,51.15380859375,-0.86279237270355225,1551.3521728515625,80.300003051757812,0.94823873043060303
2015-08-07 11:42:15,420,51.153724670410156,-0.8628087043762207,1561.78125,57.799999237060547,0.96299099922180176
2015-08-07 11:43:04,421,51.153755187988281,-0.86289381980895996,1474.337158203125,71.900001525878906,0.95123231410980225
2015-08-07 11:44:13,422,51.153789520263672,-0.86297869682312012,1039.5230712890625,127.40000152587891,0.87744379043579102
2015-08-07 11:44:34,423,51.153820037841797,-0.86304950714111328,1103.7022705078125,140.69999694824219,0.87251996994018555
2015-08-07 11:45:04,424,51.153854370117188,-0.86313438415527344,1076.426025390625,68.099998474121094,0.93673509359359741
2015-08-07 11:45:39,425,51.153884887695312,-0.8632194995880127,1059.5789794921875,7.0999999046325684,0.99329924583435059
2015-08-07 11:45:58,426,51.153911590576172,-0.86330461502075195,1238.478515625,7.4000000953674316,0.99402493238449097
2015-08-07 11:46:39,427,51.153945922851562,-0.86338949203491211,1234.4674072265625,8.1999998092651367,0.99335747957229614
2015-08-07 11:47:11,428,51.153976440429688,-0.86346030235290527,1278.590576171875,7.5,0.99413418769836426
2015-08-07 11:47:35,429,51.154010772705078,-0.86354517936706543,1216.818115234375,9.6000003814697266,0.99211055040359497
2015-08-07 11:48:04,430,51.154041290283203,-0.86363029479980469,1188.7396240234375,10.899999618530273,0.99083060026168823
2015-08-07 11:48:35,431,51.154067993164062,-0.86371541023254395,2021.46484375,13.5,0.99332165718078613
2015-08-07 11:49:05,432,51.154106140136719,-0.8638002872467041,2197.95751953125,16.200000762939453,0.9926295280456543
2015-08-07 11:49:25,433,51.154132843017578,-0.86387109756469727,1690.1396484375,11.100000381469727,0.99343252182006836
2015-08-07 11:49:50,434,51.154167175292969,-0.86395597457885742,1051.556640625,8.3000001907348633,0.99210691452026367
2015-08-07 11:50:21,435,51.154197692871094,-0.86404109001159668,994.59759521484375,6.5999999046325684,0.99336415529251099